comid,manual_class,Predicted_class,cart_class,Lat,Long,Catchment_area_km2,Log_catchment_area,round_log_catch,Stream_order,Winter_Precipitation_mm,Stream_name,BF_width_ft,BF_Depth_ft,W_over_D,Valley_confinement_m,Valley_confinement_ft,CV_bf_d,CV_bf_w,Slope,Point_spacing_m,Vert_RSME_cm,comid2,base_mean_cwz,bf_mean_cwz,vf_mean_cwz,base_cwz_above_0,base_ws_above_0p5,base_zs_above_0p5,base_cwz_above_0p5,base_ws_above_1,base_zs_above_1,base_cwz_above_1,base_ws_below_0p5,base_zs_below_0p5,base_cwz_below_0p5,base_ws_below_1,base_zs_below_1,base_cwz_below_1,base_abs_ws_above_0p5,base_abs_zs_above_0p5,base_abs_cwz_above_0p5,base_abs_ws_above_1,base_abs_zs_above_1,base_abs_cwz_above_1,bf_cwz_above_0,bf_ws_above_0p5,bf_zs_above_0p5,bf_cwz_above_0p5,bf_ws_above_1,bf_zs_above_1,bf_cwz_above_1,bf_ws_below_0p5,bf_zs_below_0p5,bf_cwz_below_0p5,bf_ws_below_1,bf_zs_below_1,bf_cwz_below_1,bf_abs_ws_above_0p5,bf_abs_zs_above_0p5,bf_abs_cwz_above_0p5,bf_abs_ws_above_1,bf_abs_zs_above_1,bf_abs_cwz_above_1,vf_cwz_above_0,vf_ws_above_0p5,vf_zs_above_0p5,vf_cwz_above_0p5,vf_ws_above_1,vf_zs_above_1,vf_cwz_above_1,vf_ws_below_0p5,vf_zs_below_0p5,vf_cwz_below_0p5,vf_ws_below_1,vf_zs_below_1,vf_cwz_below_1,vf_abs_ws_above_0p5,vf_abs_zs_above_0p5,vf_abs_cwz_above_0p5,vf_abs_ws_above_1,vf_abs_zs_above_1,vf_abs_cwz_above_1
17573013,1,"SC01 (40.2%), SC02 (32%)",5,34.3538,-119.104879,23.454,1.370216921,1,3,340.1182,na,123.0184628,2.714339729,49.84282238,1631.883721,5353.949216,0.284059169,0.338450991,0.004700012,0.7,5.4,17573013,-0.390435291,0.557903669,-0.027585393,35.27696793,29.73760933,33.52769679,9.620991254,16.03498542,14.28571429,3.790087464,34.98542274,25.65597668,34.69387755,16.32653061,17.20116618,20.69970845,64.72303207,59.18367347,44.3148688,32.36151603,31.48688047,24.48979592,65.07462687,31.34328358,27.46268657,22.08955224,17.91044776,8.955223881,11.34328358,33.73134328,18.50746269,2.686567164,17.31343284,9.552238806,0,65.07462687,45.97014925,24.7761194,35.2238806,18.50746269,11.34328358,67.62589928,31.65467626,30.21582734,18.34532374,15.4676259,11.8705036,4.676258993,33.81294964,31.29496403,9.712230216,13.66906475,13.30935252,6.834532374,65.4676259,61.51079137,28.05755396,29.13669065,25.17985612,11.51079137
17573045,1,"SC01 (54%), SC05 (46%)",2,34.3222,-119.147064,37.0692,1.569013214,2,3,364.7955,na,65.34775447,3.020557601,27.45330239,1968.6,6458.661417,0.227098158,0.382382153,0.004305989,0.7,5.4,17573045,-0.278197023,0.510195042,0.227551324,39.95196157,26.74139311,31.14491593,12.9703763,14.65172138,16.33306645,5.204163331,31.94555645,31.62530024,30.66453163,15.13210568,17.21377102,16.49319456,58.68694956,62.77021617,43.63490793,29.78382706,33.54683747,21.69735789,69.28807947,27.23509934,31.95364238,32.28476821,17.46688742,16.80463576,18.12913907,38.16225166,30.04966887,6.539735099,11.58940397,17.13576159,2.483443709,65.39735099,62.00331126,38.82450331,29.05629139,33.94039735,20.61258278,57.01657459,38.56353591,31.27071823,28.72928177,18.89502762,12.48618785,14.03314917,40.77348066,31.27071823,17.90055249,21.7679558,14.58563536,7.624309392,79.33701657,62.54143646,46.62983425,40.66298343,27.0718232,21.65745856
17567211,1,"SC01 (51%), SCO3 (49%)",5,34.724505,-119.103859,6.9588,0.842534355,1,2,485.12831,Lockwood Creek,31.81697449,0.735781958,49.79387158,1546.923077,5075.206946,0.463280963,0.281565224,0.00360567,0.7,5.4,17567211,0.040780393,0.452254201,-0.012925464,50.0635324,25.54002541,38.88182973,23.50698856,15.24777637,12.96060991,11.94409149,36.08640407,29.47903431,22.36340534,16.13722999,17.78907243,9.021601017,61.62642948,68.36086404,45.8703939,31.38500635,30.74968234,20.9656925,66.45489199,23.76111817,33.79923761,31.38500635,14.35832274,15.12071156,19.44091487,32.40152478,29.86022872,6.988564168,13.46886912,16.6454892,2.668360864,56.16264295,63.65946633,38.37357052,27.82719187,31.76620076,22.10927573,56.41509434,32.83018868,34.90566038,20,11.88679245,9.811320755,9.056603774,37.16981132,22.83018868,21.69811321,20.18867925,15.8490566,9.245283019,70,57.73584906,41.69811321,32.0754717,25.66037736,18.30188679
17633478,1,"SC05 (61%), SC01 (39%)",5,35.059057,-119.953256,40.9104,1.611833726,2,3,202.1125,na,45.59765383,0.898627211,43.84879874,821.6666667,2695.756781,0.391037459,0.335123601,0.005940748,0.7,5.4,17633478,-0.321846864,-0.018777112,-0.145845097,36.81818182,31.81818182,26.81818182,14.54545455,21.81818182,15.45454545,5,39.54545455,31.36363636,31.81818182,21.36363636,14.54545455,21.81818182,71.36363636,58.18181818,46.36363636,43.18181818,30,26.81818182,37.77777778,24,32.88888889,15.55555556,15.11111111,18.66666667,8.444444444,30.66666667,33.77777778,22.22222222,17.77777778,18.66666667,8.888888889,54.66666667,66.66666667,37.77777778,32.88888889,37.33333333,17.33333333,45.77777778,26.22222222,32.88888889,16.44444444,16.88888889,17.77777778,7.111111111,29.77777778,36,25.77777778,16,17.77777778,16,56,68.88888889,42.22222222,32.88888889,35.55555556,23.11111111
17562556,1,SC05 (100%),5,34.278817,-119.02111,11.0763,1.04439471,1,2,291.5859,na,40.10432186,2.995659025,13.7392826,1143.25,3750.82021,0.154504021,0.290863936,0.007273908,0.7,5.4,17562556,0.153560936,0.264912712,,58.34658188,26.55007949,34.81717011,22.57551669,19.71383148,4.292527822,9.697933227,36.56597774,19.23688394,13.354531,11.44674086,12.87758347,5.882352941,63.11605723,54.05405405,35.93004769,31.16057234,17.17011129,15.58028617,57.84469097,27.73375594,29.63549921,24.56418384,13.62916006,16.79873217,13.15372425,31.06180666,29.318542,10.14263074,13.47068146,14.10459588,3.645007924,58.7955626,58.9540412,34.70681458,27.09984152,30.90332805,16.79873217,,,,,,,,,,,,,,,,,,,
17609947,1,"SC05 (68%), SC04 (32%)",5,34.619994,-119.994778,37.9251,1.578926735,2,3,391.82062,na,52.05094655,0.621127219,118.2486091,576.5,1891.404199,0.385960428,0.742797212,0.003541673,0.35,10,17609947,0.28011124,0.513487687,0.394028402,64.94252874,17.24137931,31.32183908,18.53448276,7.614942529,14.79885057,7.471264368,31.17816092,31.89655172,9.195402299,3.735632184,14.94252874,3.304597701,48.41954023,63.2183908,27.72988506,11.35057471,29.74137931,10.77586207,72.84482759,16.81034483,33.33333333,29.16666667,11.06321839,16.23563218,14.79885057,32.32758621,32.04022989,1.293103448,0,16.37931034,0.143678161,49.13793103,65.37356322,30.45977011,11.06321839,32.61494253,14.94252874,70.04538578,22.84417549,26.32375189,29.65204236,14.97730711,16.49016641,16.03630862,37.97276853,32.98033283,4.992435703,7.715582451,12.70801815,3.479576399,60.81694402,59.30408472,34.64447806,22.69288956,29.19818457,19.51588502
17610671,2,SC05 (100%),5,34.5471,-119.780925,636.4035,2.803732559,3,5,435.2343,Santa Ynez River,230.4443436,1.947747416,168.7449311,117.8571429,386.6704163,0.390502481,0.383406033,0.002428071,0.35,10,17610671,-0.233153973,0.032690131,0.002670011,43.90243902,29.87804878,32.01219512,17.07317073,18.59756098,13.7195122,7.317073171,40.85365854,29.87804878,28.35365854,14.63414634,14.32926829,15.54878049,70.73170732,61.8902439,45.42682927,33.23170732,28.04878049,22.86585366,45.53846154,37.23076923,31.69230769,22.46153846,12.92307692,18.15384615,11.07692308,36,30.46153846,27.38461538,22.76923077,15.07692308,11.07692308,73.23076923,62.15384615,49.84615385,35.69230769,33.23076923,22.15384615,45.41984733,26.33587786,32.0610687,30.53435115,19.84732824,20.61068702,12.97709924,43.51145038,39.69465649,16.79389313,6.488549618,23.66412214,9.541984733,69.84732824,71.75572519,47.32824427,26.33587786,44.27480916,22.51908397
17586760,2,"SC02 (57%), SC05 (43%)",2,34.4233,-119.302179,209.6019,2.321395215,2,6,353.2475,na,800.6116104,2.452734228,335.4603295,758,2486.87664,0.177727189,0.251916821,0.003712701,0.7,5.4,17586760,0.010192998,0.045347282,0.485084964,51.55807365,22.94617564,29.17847025,22.94617564,11.898017,17.28045326,14.44759207,26.62889518,27.47875354,19.26345609,12.74787535,14.73087819,10.76487252,49.57507082,56.6572238,42.20963173,24.64589235,32.01133144,25.21246459,50.56818182,30.39772727,28.125,25.56818182,19.31818182,8.522727273,14.48863636,34.375,14.20454545,21.02272727,15.625,9.943181818,10.22727273,64.77272727,42.32954545,46.59090909,34.94318182,18.46590909,24.71590909,65.69767442,29.36046512,31.10465116,38.95348837,12.20930233,19.18604651,18.31395349,30.81395349,38.37209302,10.75581395,20.34883721,20.05813953,2.325581395,60.1744186,69.47674419,49.70930233,32.55813953,39.24418605,20.63953488
17609707,2,"SC03 (50%), SC02 (50%)",5,34.6526,-119.952,23.3271,1.367860751,1,3,427.1833,na,150.5036257,1.360210549,126.9246456,401.1,1315.944882,0.386932214,0.404522528,0.003884629,0.35,10,17609707,0.196679263,0.791293645,0.246469791,59.13043478,25.2173913,26.95652174,24.7826087,14.34782609,13.91304348,12.60869565,36.08695652,35.2173913,12.17391304,13.04347826,12.60869565,6.52173913,61.30434783,62.17391304,36.95652174,27.39130435,26.52173913,19.13043478,87.82608696,33.47826087,36.08695652,57.39130435,18.26086957,11.73913043,34.34782609,40,33.04347826,0,16.95652174,18.26086957,0,73.47826087,69.13043478,57.39130435,35.2173913,30,34.34782609,55.04587156,27.52293578,27.52293578,31.19266055,16.05504587,17.88990826,17.43119266,36.69724771,31.19266055,11.00917431,16.97247706,16.97247706,4.128440367,64.22018349,58.71559633,42.20183486,33.02752294,34.86238532,21.55963303
17586810,2,SC02 (100%),2,34.4139,-119.27244,123.5835,2.091960491,2,4,376.2685,San Antonio Creek,169.4429425,2.715318123,72.4199536,153.6923077,504.2398547,0.277321406,0.388806119,0.002868236,0.7,5.4,17586810,0.043680746,0.723674498,0.535850796,51.21212121,31.21212121,35.45454545,23.93939394,18.48484848,13.63636364,12.72727273,31.21212121,26.36363636,16.96969697,16.66666667,16.96969697,8.181818182,62.42424242,61.81818182,40.90909091,35.15151515,30.60606061,20.90909091,72.42424242,20.3030303,29.6969697,40.60606061,18.18181818,15.15151515,30.3030303,43.33333333,26.66666667,2.121212121,4.545454545,17.87878788,0,63.63636364,56.36363636,42.72727273,22.72727273,33.03030303,30.3030303,79.44785276,30.36809816,35.58282209,43.86503067,12.57668712,26.3803681,32.82208589,19.32515337,36.19631902,0.920245399,15.33742331,26.68711656,0.613496933,49.69325153,71.7791411,44.78527607,27.91411043,53.06748466,33.43558282
17609015,2,SC05 (100%),5,34.5856,-120.147382,1468.0305,3.166735079,3,5,318.4324,Santa Ynez River ,736.8874353,2.203484053,405.3215014,837.75,2748.523622,0.348701564,0.20764739,0.001545453,0.35,10,17609015,-0.169410659,-0.430067293,0.574154662,50.78864353,27.12933754,32.49211356,16.08832808,15.77287066,9.779179811,7.255520505,31.54574132,22.08201893,18.92744479,17.03470032,13.56466877,11.04100946,58.67507886,54.57413249,35.01577287,32.80757098,23.34384858,18.29652997,35.33123028,31.23028391,34.70031546,9.779179811,19.24290221,15.45741325,1.892744479,36.27760252,28.39116719,39.74763407,19.24290221,17.35015773,28.07570978,67.50788644,63.09148265,49.52681388,38.48580442,32.80757098,29.96845426,58.04416404,16.7192429,24.60567823,9.463722397,15.45741325,9.463722397,8.517350158,34.06940063,38.80126183,0,0,12.30283912,0,50.78864353,63.40694006,9.463722397,15.45741325,21.76656151,8.517350158
17637906,2,SC02 (100%),5,34.749785,-119.391941,99.5571,1.998072238,2,3,208.80358,na,217.4635082,0.995936897,309.6302419,231.6,759.8425197,0.307549791,0.29537125,0.006860553,0.7,5.4,17637906,-0.264253069,0.46489819,-0.13240487,37.08708709,31.23123123,34.23423423,12.91291291,16.21621622,17.71771772,6.456456456,33.93393393,28.52852853,36.78678679,13.66366366,16.06606607,18.61861862,65.16516517,62.76276276,49.6996997,29.87987988,33.78378378,25.07507508,66.05504587,23.70030581,35.62691131,26.14678899,14.67889908,12.3853211,13.45565749,31.65137615,25.99388379,4.281345566,12.6911315,14.83180428,1.681957187,55.35168196,61.62079511,30.42813456,27.37003058,27.21712538,15.13761468,58.15831987,34.41033926,31.50242326,15.5088853,12.76252019,14.53957997,1.938610662,32.31017771,30.04846527,13.57027464,20.19386107,12.76252019,6.300484653,66.72051696,61.55088853,29.07915994,32.95638126,27.30210016,8.239095315
17594703,3,SC03 (100%),2,34.4915,-120.007206,8.9685,0.952719812,1,2,395.84421,El Capitan Creek,72.60025005,2.856934349,26.26557811,18.81818182,61.73944167,0.18774633,0.393731222,0.020306781,0.35,10,17594703,-0.503065428,0.373274066,0.369566844,29.02264601,25.02979738,36.23361144,5.601907032,13.40882002,17.46126341,1.966626937,32.6579261,30.98927294,40.52443385,12.21692491,17.99761621,25.98331347,57.68772348,67.22288439,46.12634088,25.62574493,35.45887962,27.94994041,62.59238204,20.80727686,32.00682206,32.29107447,14.09891984,15.69073337,18.9880614,36.72541217,30.24445708,7.276861853,5.798749289,15.52018192,2.103467879,57.53268903,62.25127914,39.56793633,19.89766913,31.21091529,21.09152928,63.24582339,28.99761337,33.35322196,27.38663484,18.25775656,13.72315036,16.05011933,32.93556086,25.71599045,9.128878282,17.00477327,15.57279236,3.341288783,61.93317422,59.06921241,36.51551313,35.26252983,29.29594272,19.39140811
17609699,3,"SC05 (57%), SC03 (43%)",5,34.6606,-119.889582,12.7755,1.106377906,1,2,515.93858,na,65.00795919,2.172225343,22.10646236,13.53846154,44.41752474,0.420735461,0.324296346,0.026866368,0.35,10,17609699,-0.530905855,-0.018421057,0.338108911,30.96085409,31.85053381,29.00355872,4.62633452,16.37010676,13.16725979,1.245551601,32.02846975,23.48754448,32.38434164,18.50533808,12.63345196,22.06405694,63.87900356,52.4911032,37.01067616,34.87544484,25.80071174,23.30960854,58.31873905,26.26970228,30.47285464,22.59194396,15.76182137,14.71103327,8.931698774,32.74956217,24.86865149,18.91418564,15.23642732,15.41155867,11.2084063,59.01926445,55.34150613,41.5061296,30.99824869,30.12259194,20.14010508,60.77057793,31.87390543,30.82311734,31.52364273,18.73905429,14.53590193,17.51313485,39.75481611,30.82311734,12.95971979,13.13485114,17.16287215,5.429071804,71.62872154,61.64623468,44.48336252,31.87390543,31.69877408,22.94220665
17570395,3,SC02 (100%),5,34.5094,-118.90308,21.1014,1.32431127,1,3,396.1407,Redrock Creek,41.04378225,0.60703975,44.25066571,14,45.93175853,1.509794979,0.352317614,0.017216164,0.7,5.4,17570395,-0.535849987,-0.206203532,0.408040716,26.38700947,26.52232747,32.07036536,2.841677943,15.96752368,12.31393775,0.947225981,36.80649526,26.52232747,31.39377537,15.1556157,15.0202977,17.05006766,63.32882273,58.59269283,34.23545332,31.12313938,27.33423545,17.99729364,45.33333333,25.6969697,32.36363636,12,13.81818182,14.06060606,5.333333333,31.75757576,26.54545455,21.93939394,12.60606061,13.57575758,13.09090909,57.45454545,58.90909091,33.93939394,26.42424242,27.63636364,18.42424242,62.375,27.25,28.625,27,13,16.625,16.25,29.875,29.625,5.875,15.625,14.875,2,57.125,58.25,32.875,28.625,31.5,18.25
17609755,3,SC03 (100%),5,34.6527,-119.743365,2.7243,0.43525493,0,2,583.54281,na,16.88835759,0.853141692,55.87767737,12,39.37007874,0.879372619,0.373663317,0.013628341,0.35,10,17609755,-0.170246578,0.265401153,0.337820447,45.03816794,26.41221374,34.65648855,18.47328244,17.40458015,17.70992366,7.633587786,36.64122137,31.90839695,28.09160305,16.79389313,16.48854962,17.09923664,63.05343511,66.5648855,46.5648855,34.19847328,34.19847328,24.73282443,55.85185185,24,33.48148148,25.33333333,12.88888889,15.85185185,13.33333333,36.14814815,28.74074074,11.11111111,14.51851852,14.81481481,3.407407407,60.14814815,62.22222222,36.44444444,27.40740741,30.66666667,16.74074074,68.52713178,29.6124031,33.33333333,34.88372093,16.12403101,14.57364341,19.68992248,37.82945736,30.23255814,12.24806202,13.02325581,15.96899225,5.426356589,67.44186047,63.56589147,47.13178295,29.14728682,30.54263566,25.11627907
17586504,3,SC05 (100%),3,34.4784,-119.254134,3.0312,0.481614592,0,2,489.70621,na,62.44041812,2.856385731,27.65515645,16.33333333,53.58705161,0.414451625,0.462683601,0.051774793,0.7,5.4,17586504,-0.598929972,0.198073534,0.40931182,26.04422604,29.23832924,34.76658477,2.57985258,15.35626536,8.230958231,0.122850123,33.29238329,19.53316953,33.04668305,17.44471744,13.88206388,18.91891892,62.53071253,54.2997543,35.62653563,32.8009828,22.11302211,19.04176904,54.72747497,19.91101224,33.59288098,25.36151279,13.34816463,10.6785317,15.68409344,35.48387097,22.80311457,13.23692992,6.117908788,12.7919911,5.228031146,55.3948832,56.39599555,38.59844271,19.46607341,23.4705228,20.91212458,64.18918919,21.3963964,32.31981982,31.30630631,13.28828829,8.445945946,19.14414414,35.24774775,21.73423423,4.954954955,8.220720721,12.61261261,1.238738739,56.64414414,54.05405405,36.26126126,21.50900901,21.05855856,20.38288288
17570347,3,SC03 (100%),3,34.508814,-118.792136,2.9034,0.462906872,0,2,349.2066,na,37.84871832,3.022771392,53.95562154,0.857142857,2.812148481,0.404186459,0.367050503,0.041282151,0.7,5.4,17570347,-0.708114877,-0.374574684,-0.008388697,22.65774379,27.6290631,37.28489484,2.294455067,19.59847036,12.90630975,0.095602294,39.19694073,24.47418738,36.52007648,14.62715105,14.72275335,19.40726577,66.82600382,61.75908222,38.81453155,34.22562141,27.6290631,19.50286807,36.23070674,29.08204712,29.32575142,11.53533712,17.38424045,13.97238018,3.574329813,38.26157595,27.94476036,27.45735175,15.35337124,15.75954509,19.17140536,67.34362307,57.27051178,38.99268887,32.7376117,29.73192526,22.74573517,48.28711256,31.40293638,28.54812398,21.94127243,16.63947798,15.98694943,12.80587276,35.56280587,31.97389886,23.49102773,19.57585644,16.63947798,13.45840131,66.96574225,60.52202284,45.43230016,36.21533442,32.62642741,26.26427406
17569535,3,SC04 (100%),3,34.6412,-118.658,3.1617,0.499920659,0,2,330.6842,na,29.86523565,3.462327863,21.03833123,41.28571429,135.4518185,0.605314221,0.513677813,0.04407471,0.7,9.95,17569535,-0.567854806,-0.356634591,0.142367732,27.88697789,18.7960688,33.53808354,2.702702703,13.75921376,14.74201474,0.491400491,39.18918919,28.86977887,27.64127764,2.211302211,13.63636364,14.37346437,57.98525799,62.40786241,30.34398034,15.97051597,28.37837838,14.86486486,40.82156611,20.41078306,33.88960205,10.9114249,14.89088575,14.76251605,2.310654685,35.94351733,29.91014121,20.66752246,6.803594352,17.58664955,12.06675225,56.35430039,63.79974326,31.57894737,21.6944801,32.3491656,14.37740693,57.38125802,25.41720154,36.32862644,22.20795892,19.38382542,17.84338896,11.55327343,35.30166881,30.55198973,12.70860077,16.1745828,17.84338896,9.627727856,60.71887035,66.88061617,34.91655969,35.55840822,35.68677792,21.18100128
17563722,4,SC05 (100%),5,34.3164,-118.794253,2.1402,0.33045436,0,2,333.0319,na,40.52292532,1.575793769,20.69618577,18.875,61.92585302,0.495201136,0.630737279,0.011876887,0.7,5.4,17563722,-0.207756335,0.457820326,-0.0420123,38.65921788,24.80446927,33.0726257,13.8547486,14.41340782,15.41899441,6.145251397,34.63687151,27.93296089,27.15083799,13.29608939,15.30726257,15.6424581,59.44134078,61.00558659,41.00558659,27.70949721,30.72625698,21.7877095,72.02247191,30.56179775,34.04494382,39.5505618,21.01123596,14.04494382,24.26966292,45.50561798,24.26966292,9.438202247,12.58426966,13.48314607,3.258426966,76.06741573,58.31460674,48.98876404,33.59550562,27.52808989,27.52808989,41.2626832,39.23337091,33.70913191,22.66065389,21.08229989,14.65614431,13.52874859,41.93912063,30.43968433,32.69447576,26.38105975,17.13641488,11.38669673,81.17249154,64.14881623,55.35512965,47.46335964,31.79255919,24.91544532
17569841,4,SC04 (100%),5,34.5827,-118.926153,6.8328,0.834598709,1,2,388.3612,East Fork Alder Creek,61.44569575,1.011241749,62.0858686,24.57142857,80.61492313,0.875472419,0.511919484,0.010783315,0.7,5.4,17569841,-0.522516395,-0.408572604,-0.136440091,26.1682243,22.42990654,37.38317757,5.088265836,13.39563863,14.53790239,1.142263759,39.77154725,28.97196262,41.53686397,6.334371755,17.23779855,22.94911734,62.20145379,66.35514019,46.6251298,19.73001038,31.77570093,24.0913811,36.79918451,27.82874618,29.45973496,9.378185525,16.51376147,16.81957187,3.261977574,33.94495413,26.19775739,34.14882773,19.67380224,15.69826707,20.79510703,61.77370031,55.65749235,43.52701325,36.18756371,32.51783894,24.05708461,47.2392638,18.50715746,30.06134969,17.07566462,11.55419223,15.95092025,8.077709611,30.06134969,31.69734151,21.57464213,12.67893661,14.31492843,13.49693252,48.56850716,61.75869121,38.65030675,24.23312883,30.26584867,21.57464213
17563602,4,SC02 (66%),2,34.3415,-118.846803,17.9136,1.253182872,1,2,336.1602,na,111.2573195,1.204425015,99.74622953,94,0.232876108,0.361919467,0.003657,0.007701443,0.7,5.4,17563602,0.110994256,0.486474468,0.464964937,57.42753623,25.72463768,32.06521739,29.52898551,13.76811594,21.37681159,15.03623188,36.5942029,38.94927536,21.19565217,9.420289855,17.57246377,8.876811594,62.31884058,71.01449275,50.72463768,23.1884058,38.94927536,23.91304348,70.33398821,21.41453831,39.88212181,38.50687623,8.84086444,17.48526523,26.91552063,29.86247544,32.80943026,3.73280943,14.34184676,20.23575639,1.37524558,51.27701375,72.69155206,42.23968566,23.1827112,37.72102161,28.29076621,75.8,23.4,26.8,27,18.2,18.4,18.2,24.4,31,5.8,19.6,12,3,47.8,57.8,32.8,37.8,30.4,21.2
17610235,4,SC05 (100%),5,34.5971,-119.700512,7.4349,0.871275132,1,2,577.52311,Upper Buckhorn Creek,45.37083845,1.833280886,26.27851227,15.7,51.50918635,0.329550277,0.342150158,0.011991251,0.35,10,17610235,-0.467200874,0.385000344,0.439538558,29.96757758,31.58869847,33.99722094,7.735062529,17.23019917,16.16489115,2.871699861,31.72765169,28.67068087,36.4057434,17.04492821,16.30384437,21.39879574,63.31635016,62.66790181,44.14080593,34.27512737,32.46873553,24.2704956,63.77088305,27.7326969,32.93556086,32.07637232,15.79952267,16.56324582,18.56801909,36.22911695,29.2124105,9.498806683,13.8902148,15.17899761,2.816229117,63.96181384,62.14797136,41.575179,29.68973747,31.74224344,21.38424821,67.01670644,32.93556086,33.03102625,33.74701671,17.56563246,15.75178998,18.13842482,38.85441527,28.16229117,7.780429594,15.79952267,13.46062053,2.529832936,71.78997613,61.19331742,41.5274463,33.36515513,29.2124105,20.66825776
17595173,4,"SC05 (64%), SC03 (36%)",5,34.4914,-119.95166,12.6747,1.102937689,1,3,427.02389,na,49.73504862,1.446293618,36.95197819,8.142857143,26.71541057,0.763173167,0.347330001,0.020134962,0.35,10,17595173,-0.600571746,-0.168503018,0.365541925,19.62365591,31.72043011,37.3655914,1.88172043,17.47311828,15.05376344,1.344086022,34.40860215,29.83870968,52.95698925,18.27956989,20.43010753,34.13978495,66.12903226,67.20430108,54.83870968,35.75268817,35.48387097,35.48387097,36.09625668,28.60962567,36.09625668,17.37967914,17.64705882,15.50802139,10.69518717,36.63101604,28.87700535,35.82887701,13.90374332,17.11229947,18.18181818,65.24064171,64.97326203,53.20855615,31.55080214,32.62032086,28.87700535,59.23913043,35.86956522,36.95652174,36.68478261,21.19565217,15.48913043,20.65217391,40.48913043,30.16304348,13.58695652,16.84782609,19.83695652,3.804347826,76.35869565,67.11956522,50.27173913,38.04347826,35.32608696,24.45652174
22514218,4,"SC05 (59%), SC04 (41%)",3,34.3392,-118.444,3.6234,0.55911628,1,2,367.6726,na,34.17663241,1.314445561,77.74015182,24.125,79.15026247,0.896423901,0.659848492,0.074206317,0.7,9.95,22514218,-0.448040158,-0.012576038,-0.093400817,30.5856833,22.55965293,35.79175705,7.15835141,13.01518438,15.40130152,2.386117137,37.31019523,27.76572668,42.29934924,11.71366594,14.31670282,30.5856833,59.86984816,63.55748373,49.45770065,24.72885033,29.71800434,32.97180043,48.08080808,26.66666667,35.95959596,22.42424242,19.7979798,12.32323232,12.12121212,38.98989899,28.68686869,25.85858586,9.090909091,12.52525253,13.93939394,65.65656566,64.64646465,48.28282828,28.88888889,24.84848485,26.06060606,40.81196581,42.73504274,33.54700855,20.72649573,16.23931624,20.08547009,11.32478632,35.04273504,32.69230769,28.84615385,26.4957265,16.23931624,10.47008547,77.77777778,66.23931624,49.57264957,42.73504274,36.32478632,21.79487179
17610257,4,SC04 (100%),3,34.5926,-119.598615,4.4235,0.645766032,1,2,586.59529,na,33.85574862,2.395213785,16.56037347,10.08333333,33.08180226,0.328922155,0.212620596,0.029648341,0.35,10,17610257,-0.567390839,-0.335635868,-0.050161036,34.95038589,28.99669239,33.40683572,3.858875413,14.99448732,11.79713341,0.992282249,33.18632856,22.49173098,25.13781698,17.0893054,12.78941566,15.7662624,62.18302095,55.8985667,28.99669239,32.08379272,24.58654906,16.75854465,39.51367781,29.88855117,27.3556231,8.61195542,13.27254306,12.25937183,3.444782168,29.98986829,25.93718338,23.60688956,16.51469098,12.36068896,15.60283688,59.87841945,53.29280648,32.21884498,29.78723404,24.62006079,19.04761905,47.5177305,26.74772036,31.61094225,16.31205674,14.48834853,15.09625127,7.80141844,29.28064843,29.07801418,19.45288754,11.75278622,13.98176292,10.84093212,56.02836879,60.68895643,35.76494428,26.24113475,29.07801418,18.64235056
17610541,4,SC05 (100%),2,34.5613,-119.658266,84.3345,1.926005274,2,4,509.9768,Indian Creek,88.61955835,2.234098018,40.44977805,55,180.4461942,0.13412959,0.139068723,0.004093401,0.35,10,17610541,-0.452033439,0.412703464,0.783997963,32.03631647,33.20363165,29.70168612,8.69001297,20.36316472,21.14137484,1.945525292,33.20363165,33.46303502,30.35019455,17.50972763,14.13748379,19.32555123,66.40726329,63.16472114,39.04020752,37.87289235,35.27885863,21.27107652,60.98535286,27.16378162,34.88681758,27.43009321,15.31291611,19.97336884,14.64713715,31.82423435,38.88149134,8.521970706,13.04926764,15.84553928,1.331557923,58.98801598,73.76830892,35.95206391,28.36218375,35.81890812,15.97869507,78.8170564,21.32049519,22.83356259,33.70013755,12.37964237,15.130674,18.1568088,38.37689133,32.46217331,0.137551582,7.152682256,15.95598349,0,59.69738652,55.2957359,33.83768913,19.53232462,31.0866575,18.1568088
17585756,5,"SC03 (36%), SC05 (35%), SC02 (29%)",2,34.5155,-119.379945,32.1291,1.50689856,2,3,560.8913,Upper North Fork Matilija Creek,65.12319076,1.994088035,34.43950038,73.44444444,240.9594634,0.244920729,0.280096549,0.010243873,0.7,5.4,17585756,-0.661485095,-0.055250558,0.227190697,23.37662338,26.40692641,38.0952381,3.896103896,15.36796537,21.42857143,2.380952381,29.87012987,33.54978355,47.18614719,18.3982684,19.26406926,33.98268398,56.27705628,71.64502165,51.08225108,33.76623377,40.69264069,36.36363636,48.0349345,29.25764192,38.64628821,21.39737991,16.81222707,17.46724891,9.825327511,34.06113537,32.09606987,27.07423581,13.97379913,18.99563319,14.84716157,63.31877729,70.74235808,48.47161572,30.7860262,36.4628821,24.67248908,63.0044843,33.85650224,28.92376682,30.94170404,15.91928251,12.55605381,16.14349776,35.65022422,28.02690583,13.22869955,18.83408072,16.59192825,7.847533632,69.50672646,56.95067265,44.17040359,34.75336323,29.14798206,23.99103139
17611423,5,SC02 (100%),2,34.6126,-119.930892,62.262,1.794223067,2,4,409.90119,Cachuma Creek,85.7582734,1.738727524,60.41000711,137.1818182,450.071582,0.259654377,0.357213156,0.004067904,0.35,10,17611423,-0.257783692,0.462041135,0.409922412,43.08211474,28.90888639,32.73340832,11.24859393,13.27334083,15.1856018,4.49943757,31.49606299,30.70866142,22.94713161,13.83577053,15.41057368,12.14848144,60.40494938,63.44206974,34.19572553,27.10911136,30.59617548,16.64791901,65.07566938,28.05587893,33.64377183,32.36321304,16.18160652,14.90104773,19.44121071,35.62281723,26.6589057,8.614668219,16.06519208,14.55180442,2.561117579,63.67869616,60.30267753,40.97788126,32.2467986,29.45285215,22.00232829,56.72823219,40.23746702,32.84960422,31.79419525,19.78891821,14.64379947,17.01846966,37.73087071,26.25329815,13.06068602,21.50395778,18.20580475,1.451187335,77.96833773,59.10290237,44.85488127,41.29287599,32.84960422,18.46965699
17610721,5,SC05 (100%),5,34.5468,-119.642068,89.1315,1.950031215,2,4,499.2761,Indian Creek,80.60736913,1.003775304,41.94418723,149.4,490.1574803,0.490426671,0.368715382,0.003855572,0.35,10,17610721,-0.247586425,0.407748773,0.430425919,40.62992126,29.76377953,25.51181102,9.291338583,13.85826772,14.48818898,5.511811024,30.5511811,25.82677165,21.73228346,15.11811024,14.33070866,11.33858268,60.31496063,51.33858268,31.02362205,28.97637795,28.81889764,16.8503937,65.6877898,26.89335394,30.91190108,38.33075734,14.83771252,17.46522411,23.95672334,39.25811437,32.61205564,9.42812983,14.52859351,15.61051005,4.018547141,66.15146832,63.52395672,47.75888717,29.36630603,33.07573416,27.97527048,67.6222597,23.60876897,34.7386172,39.96627319,15.5143339,21.41652614,22.09106239,39.12310287,36.59359191,12.14165261,12.31028668,18.38111298,3.204047218,62.73187184,71.33220911,52.1079258,27.82462057,39.79763912,25.29510961
17586610,5,SC02 (63%),3,34.4623,-119.18176,9.6111,0.982773096,1,2,458.669,Thacher Creek,3.904957671,1.263818081,10.06843785,828.25,2717.355643,0.559031698,0.122971489,0.030231227,0.7,5.4,17586610,-0.443330869,0.21480987,0.432592287,33.01320528,29.41176471,34.45378151,10.80432173,18.84753902,18.36734694,3.361344538,35.89435774,30.6122449,38.17527011,17.04681873,17.76710684,24.969988,65.30612245,65.06602641,48.97959184,35.89435774,36.13445378,28.33133253,52.42030697,23.96694215,35.65525384,26.32821724,15.34828808,14.7579693,17.11924439,33.17591499,28.21723731,16.41086187,13.2231405,17.23730815,5.667060213,57.14285714,63.87249115,42.7390791,28.57142857,31.99527745,22.7863046,59.97596154,32.57211538,29.20673077,31.12980769,16.10576923,15.98557692,17.66826923,29.44711538,30.64903846,9.495192308,15.14423077,16.34615385,3.245192308,62.01923077,59.85576923,40.625,31.25,32.33173077,20.91346154
17607455,5,SC05 (100%),5,34.7517,-120.028416,11.6649,1.06688102,1,3,567.3947,Alamo Pintado Creek,45.31094883,1.14238578,42.91115851,23.33333333,76.55293087,0.470558944,0.520220188,0.013226109,0.35,10,17607455,-0.262435458,-0.084076106,0.027983193,38.28828829,19.81981982,33.33333333,14.86486486,14.86486486,18.46846847,7.657657658,29.72972973,30.18018018,32.88288288,7.657657658,17.56756757,22.52252252,49.54954955,63.51351351,47.74774775,22.52252252,36.03603604,30.18018018,48.54771784,21.16182573,33.19502075,21.16182573,15.3526971,15.76763485,8.298755187,33.19502075,30.29045643,27.80082988,3.734439834,13.2780083,15.76763485,54.35684647,63.48547718,48.9626556,19.08713693,29.04564315,24.06639004,33.48214286,31.25,33.92857143,12.5,13.39285714,19.64285714,10.26785714,26.78571429,32.58928571,13.83928571,14.28571429,17.85714286,8.035714286,58.03571429,66.51785714,26.33928571,27.67857143,37.5,18.30357143
17607553,5,SC05 (100%),5,34.7027,-120.039,13.3614,1.125851966,1,2,434.6664,Figueroa Creek,37.47105803,1.053083756,42.17352329,279,0.31272012,0.465855665,0.465855665,0.003657715,0.35,10,17607553,-0.328511894,0.379651032,0.124106088,37.22287048,30.22170362,31.97199533,8.05134189,15.40256709,18.55309218,4.434072345,28.93815636,32.43873979,28.58809802,11.43523921,17.15285881,15.75262544,59.15985998,64.41073512,36.63943991,26.8378063,35.70595099,20.18669778,66.28643853,23.44740177,30.41825095,26.23574144,14.70215463,15.58935361,12.67427123,37.38910013,30.41825095,4.309252218,8.745247148,15.71609632,1.520912548,60.8365019,60.8365019,30.54499366,23.44740177,31.30544994,14.19518378,53.68852459,18.44262295,32.5136612,22.40437158,11.47540984,12.97814208,11.20218579,31.83060109,25.40983607,10.79234973,8.606557377,12.43169399,4.508196721,50.27322404,57.92349727,33.19672131,20.08196721,25.40983607,15.71038251
17609017,5,SC05 (100%),2,34.5922,-120.412,122.7978,2.089190586,2,4,325.42661,Salsipuedes Creek,93.1361942,3.98121006,23.85570491,169.3333333,555.5555554,0.124528229,0.305606102,0.001174786,0.35,10,17609017,-0.253338317,0.743270017,0.620736296,46.22641509,25,21.93396226,10.37735849,13.91509434,13.67924528,4.245283019,28.30188679,29.71698113,18.39622642,15.56603774,13.44339623,10.61320755,53.30188679,51.6509434,28.77358491,29.48113208,27.12264151,14.85849057,74.10926366,25.89073634,27.31591449,33.72921615,19.95249406,16.86460808,19.23990499,40.14251781,34.67933492,2.137767221,8.788598575,13.5391924,0.237529691,66.03325416,61.99524941,35.86698337,28.74109264,30.40380048,19.47743468,75.24509804,31.61764706,33.33333333,46.32352941,20.34313725,11.76470588,27.45098039,34.55882353,31.61764706,2.941176471,21.32352941,17.40196078,0.980392157,66.17647059,64.95098039,49.26470588,41.66666667,29.16666667,28.43137255
17610661,5,SC05 (100%),2,34.5465,-119.817,652.8105,2.814787131,3,5,426.4326,Santa Ynez River,140.1089039,1.918514618,76.47520071,423.1666667,1388.342082,0.237797063,0.308843658,0.001224801,0.35,10,17610661,-0.36399462,0.132427714,-0.497841089,44.26229508,23.36065574,30.32786885,11.06557377,15.16393443,15.57377049,1.639344262,36.47540984,31.14754098,25,13.52459016,17.21311475,15.16393443,59.83606557,61.47540984,36.06557377,28.68852459,32.78688525,16.80327869,48.9539749,25.94142259,25.10460251,21.33891213,11.71548117,15.48117155,14.64435146,27.19665272,34.72803347,18.82845188,14.22594142,12.13389121,10.041841,53.13807531,59.83263598,40.16736402,25.94142259,27.61506276,24.68619247,14.67889908,38.53211009,44.03669725,2.752293578,10.09174312,11.00917431,0,29.81651376,26.14678899,51.83486239,18.80733945,17.43119266,34.86238532,68.34862385,70.18348624,54.58715596,28.89908257,28.44036697,34.86238532
